Empresa,Dirección,CIF,Provincia
Girasoles Solete,Rosal 5,Q55555,Sevilla
Aceites Olé,Jazmín 4,Q4444,Murcia
Envasadora Paketo,Clavel 33,Q33,Barcelona
44444Piensos Rúmiame,Petunia 8,Q8888,Toledo
13123Semillas Sidi,Amapola s/n,Q0000001,Córdoba
1341&.33Invernaderos Invernalia,Cactus 27,Q272727,Soria
Vaquería La Leche,Margarita 1,Q1111111,Sevilla
)0000#Prestamos Arrieritos Somos,Desesperanza 66,Q6666,Madrid
InstaClothes.,Hortensia nº 18,Q4063404034,Teruel
Lighthouse Clothes.,melisa nº 12,Q5899441084,Badajoz
3131423Panty Village.,Hortensia nº 17,Q9388385657,Guipúzcoa
Exquisite Panty.,Clavel nº 9,Q2641727394,Zaragoza
Camisetas Jump.,Margarita nº 7,Q4195375468,Ávila
111111Camisetas OnTarget.,Magnolia nº 6,Q8792393276,Santa Cruz de Tenerife
Impresionar Camisetas.,Petunia nº 22,Q1821647255,Cádiz
Cinnamom Overdressed.,melisa nº 20,Q6798126526,Guipúzcoa
7656464$%&Gafas New Vision.,Jazmín nº 25,Q6934466760,Murcia
Bolsos Tándem.,melisa nº 5,Q1088565265,Almería
Karma HD Nets.,melisa nº 13,Q0482332301,Tarragona
AllAccess Tarjetas Gráficas.,Hortensia nº 1,Q4115702114,Almería
Ordenadores HOP.,Begonia nº 24,Q3040648240,Albacete
Namaste Hardware.,Azucena nº 20,Q0978988285,Cantabria
Hardware Signals.,Rosalía nº 13,Q0199943111,Palencia
Visual Monitores.,Azucena nº 9,Q7570562411,Zaragoza
Periféricos Bajo Demanda.,melisa nº 22,Q5184356482,Asturias
Informática VIP.,Anahí nº 17,Q5986013964,Palencia
Informática Tutor.,Amaranta nº 1,Q8396980208,Lugo
Eco Informática.,Amapola nº 24,Q5825436105,Tarragona
TopRank Watches.,melisa nº 12,Q1006027194,Orense
GoldRush Watches.,Margarita nº 10,Q7089122617,Granada
Joyería Icono.,Rosalía nº 16,Q4725404460,Salamanca
Reino Joyería.,Magnolia nº 5,Q1710658261,Guadalajara
Joyería Estrella de Oro.,Hortensia nº 13,Q1728417125,Ciudad Real
34111Bisutería Perla.,Jazmín nº 6,Q5572688534,Barcelona
Comparar Bisutería.,Azucena nº 14,Q1955927015,Soria
Relojes Zafiro.,Orquídea nº 8,Q4242605006,La Rioja
Pulseras Kaboom.,Primavera nº 5,Q8435135992,Asturias
5553243423424()3Pulseras Élite.,Magnolia nº 10,Q6236124536,Gerona
Frutas RedZone.,Daisy nº 5,Q3565078655,Cádiz
Frutas de Proximidad.,Anahí nº 21,Q2903404864,Navarra
Frutería Marietta.,Anahí nº 17,Q8449780869,Alicante
Masterpiece Fruits.,Azucena nº 21,Q9276934764,Granada
The Kingdom of the Vegan.,Clavel nº 26,Q4678003580,La Rioja
Vegetables and Greens.,Daisy nº 5,Q8374347050,La Coruña
Alta Carnicería.,Hortensia nº 1,Q7239794431,Murcia
A la Vista Vinos.,Verónica nº 1,Q1033745652,Navarra
Café Smarter.,Amapola nº 1,Q1799660712,Toledo
Licores Legendario.,Jacinto nº 4,Q8654262468,Soria
UpFront Book Store.,Margarita nº 18,Q2201628128,Teruel
Librería Scoop.,Amaranta nº 25,Q5236930570,Tarragona
Vértigo Book Store.,Begonia nº 15,Q3967623915,Islas Baleares
Papelería Anfitrión.,Violeta nº 19,Q6364730892,Jaén
Librería Nación.,Margarita nº 18,Q0021942248,Murcia
Libros de Magia para Niños.,Magnolia nº 1,Q3164435093,Granada
Narnia.,Primavera nº 6,Q6905707917,La Coruña
Ínsula Barataria.,Jacinto nº 3,Q5633742877,Valladolid
La Patria de Papel.,Verónica nº 2,Q8206014259,Toledo
Ebooks No Limits,Hortensia nº 18,Q1820827878,Gerona
Krunchy-Krunchy.,Jazmín nº 17,Q0851389296,Ávila
Pethungry.,Jazmín nº 13,Q6750581222,Tarragona
LifeStyle Dogs.,Petunia nº 7,Q4451605077,Málaga
Weekly Dog.,Azucena nº 4,Q9815722414,Castellón
Pet Hipermercado.,Rocío nº 9,Q1527100770,Jaén
Cats Marketplace.,Jacinto nº 21,Q2274080112,Almería
Tienda de Perros Nextday.,Magnolia nº 10,Q8202147355,Zaragoza
Pet Estudio.,Clavel nº 2,Q5473512807,Cuenca
ToysForDogs.,Violeta nº 4,Q1773186700,Málaga
Dog Food Culture.,Amapola nº 15,Q0177372821,Guipúzcoa
Yes We Fitness.,Begonia nº 9,Q9016400742,Guipúzcoa
Fitness Active.,melisa nº 26,Q2156262190,Teruel
Inno Deportes.,Magnolia nº 18,Q3611449843,Valencia
Millennials Bikes.,Hortensia nº 20,Q0301971354,Santa Cruz de Tenerife
NewLife Fitness.,Anahí nº 9,Q9564636321,Cádiz
InOut Fitness.,Amapola nº 3,Q3281523098,Almería
Deportes Flecha.,Amapola nº 26,Q3618140647,Álava
GreenLife Bikes.,Rosalía nº 22,Q3536657242,Murcia
Skate Paradise.,Amapola nº 14,Q6723378937,Huelva
Surf Matcher.,Margarita nº 14,Q1851779074,Gerona
Coches Magento.,Clavel nº 23,Q9671059268,Navarra
Visioncar.,melisa nº 22,Q1509499132,Cáceres
Urban Cars.,Petunia nº 17,Q1468063108,Guipúzcoa
Recambios Carrera.,Clavel nº 20,Q8225522581,Islas Baleares
Automóviles A Todo Gas.,Orquídea nº 4,Q9954990406,Madrid
Top Racing Cars.,Jacinto nº 7,Q9336212340,León
Recambios Last Minute.,Violeta nº 4,Q6454390516,Ciudad Real
Repuestos Genius.,Rocío nº 21,Q8044157700,Teruel
Piezas de Coche Al Detalle.,Daisy nº 3,Q7400418425,Barcelona
Todo Terrenos a Go-Go.,Clavel nº 15,Q1322352860,Pontevedra
House Solutions.,Anahí nº 2,Q1521208856,La Coruña
Provencal House.,Verónica nº 20,Q9855629498,Valencia
Pisos & Chalets.,Jazmín nº 13,Q2280162501,León
Home Gallery.,Hortensia nº 18,Q0850183150,Burgos
Decoración de Jardín.,Daisy nº 11,Q1911467279,La Coruña
Brico DIY.,Magnolia nº 21,Q8620606089,Valladolid
La Casa de Campo Online.,Clavel nº 26,Q5369760002,Lérida
Debla.,melisa nº 12,Q5256483984,Albacete
Thai Furnitures.,Azucena nº 17,Q7976453880,Burgos
Tododecoradores,Hortensia nº 6,Q5132628476,Zaragoza
Electrodomésticos Paraíso.,Rosalía nº 4,Q7933062949,Madrid
Neveras y Lavavajillas.,Azucena nº 10,Q9004955745,Santa Cruz de Tenerife
Todo Para Tu Cocina.,Jacinto nº 12,Q7135753287,Cádiz
Televisores Turbo.,Amaranta nº 19,Q0563962909,Granada
Planet Media.,Jazmín nº 9,Q2535484805,Vizcaya
Refrigerators Front Row.,Magnolia nº 21,Q5997385515,Vizcaya
ElectroStocks.,Hortensia nº 22,Q9453657809,Huelva
Funny Gadgets.,Violeta nº 24,Q0944953579,Sevilla
HallMark.,Anahí nº 14,Q5071998992,Toledo
Electrodomésticos TopShop,Hortensia nº 2,Q7009715042,Zaragoza
