text,vtlabel
I did my part! #ElectionDay #HillaryClinton #History #suckitTrump @HillaryClinton  @sallykohn #MadamePOTUS‚Ä¶ https://t.co/S0i6LdNeAu,-1
@LindaSuhler @CtBrokerRoks @realDonaldTrump https://t.co/cVG5fM3KYI,1
@LochTheScot @realDonaldTrump VOTE FOR THOSE WHO CAN'T THE UNBORN,1
@realDonaldTrump @PattonDivision ME in MICHIGAN 70% MORE!!!!!!,1
@realDonaldTrump Mr. Trump can you speak to how fast we can turn around Obama care.  My deductible went up from $5K to $12K.,1
"@Trumptbird @Redeemed1952 @realDonaldTrump God Bless you Mr. Howard prayers are with you, u have bless our country with your vote for Trump",1
#MARA MAKE AMERICA RED AGAIN!!!  @realDonaldTrump LET'S GO TRUMP!!!  WEST COAST!!!,1
CATHOLICS- I am not a priest so I can say it!  Vote life and religious freedom. #VoteTrumpPence16 @SpartyGirl2005 @realDonaldTrump,1
HAS HILLARY CONCEDED YET? @realDonaldTrump @KellyannePolls https://t.co/R7qNDSNB9X,1
He just calmly went back to the stage!!  Your crazy if you are not voting for this guy that would take a bullet for‚Ä¶ https://t.co/BSArzGY3lM,1
I AM SO HAPPY AND PROUD OF THE REPUBLICAN PARTY AND PRESIDENT ELECT TRUMP @REALDONALDTRUMP https://t.co/FbIhc8wUxT,1
"LIVE AND WORK IN THE DETROIT AREA SEE THIS EVERY DAY.  Started with Jimmy Carter, Bill Clinton and people want anot‚Ä¶ https://t.co/TmLajx5RPA",1
RT @aduanebrown: Everyday I'm honored to know that @realDonaldTrump is fighting for Americans like me. He puts his life on the line because‚Ä¶,1
RT @amrightnow: The Real Trump Will Build The Strongest Military In The World https://t.co/j58e8aacrE @realDonaldTrump @DanScavino https://‚Ä¶,1
"RT @annieone3: @newtgingrich @amperg33 You know the system, Newt.  It's rotten.  We are going to change it with @realDonaldTrump.",1
"RT @bocavista2016: Who was the real winner of last nights election?

America

She NEEDED a victory

And @realDonaldTrump gave it to her
htt‚Ä¶",1
RT @DanScavino: .@SpeakerRyan from his office balcony - shows President-elect @realDonaldTrump where he will be sworn in. https://t.co/C2K2‚Ä¶,1
"RT @DanScavino: ""Anyone who thinks my story is anywhere near over is sadly mistaken."" @realDonaldTrump https://t.co/4G52bKksyT",1
"RT @DanScavino: The MOVEMENT in Eau Claire, Wisconsin tonight. Another massive @realDonaldTrump rally with the #TrumpTrainüöÇüí®üá∫üá∏üá∫üá∏üá∫üá∏‚Ä¶ ",1
"RT @DiamondandSilk: .@realDonaldTrump is Americans only Choice.  Blacks, whites, Hispanics, Asian, Latinos  Vote, Vote, Vote. ......Vot‚Ä¶ ",1
"RT @DiamondandSilk: Looks like @realDonaldTrump had more people at his Rally than Jay Z &amp; Beyonce.   According to this Picture, this is‚Ä¶ ",1
"RT @DonaldJTrumpJr: #Repost @realdonaldtrump
„Éª„Éª„Éª
Today we express our deepest gratitude to all those who have served‚Ä¶ https://t.co/4OVq3RC7‚Ä¶",1
RT @DonaldJTrumpJr: Great event in #Arizona w Utah Senator Orrin Hatch. Thanks to all the amazing @realDonaldTrump supporters there!!! http‚Ä¶,1
RT @Dylanesque2604: @davisindy @kiuwalsh @HillaryClinton @JulesSiscoe https://t.co/wrsYpGeojf,1
RT @FarizzleBizzle: #MAGA https://t.co/aH7XXA7DVn,1
RT @FLlovesTrump79: @AmericanVoterUS @realDonaldTrump Lady Liberty just another beautiful Trump supporter üá∫üá∏ #WomenforTrump,1
RT @FoxNews: .@realDonaldTrump: We're going to rebuild our depleted military. https://t.co/H61nBi1OfZ,1
RT @GenFlynn: I too believe we need big change! @realDonaldTrump @mike_pence @FieldofFight @DanScavino @JaredWyand @Cernovich‚Ä¶,1
"RT @GigiTracyXO: Thank you, FBI Director Comey for waking up more Americans‚ÄºÔ∏è
We are voting for @realDonaldTrump Trump‚ÄºÔ∏è https://t.co/WVZgW‚Ä¶",1
RT @GoDonaldTrump: @FoxNews @realDonaldTrump @HillaryClinton https://t.co/l3nPGzjWM5,1
"RT @JesseJaymz: @JaredWyand @MajorCBS @realDonaldTrump Yeah, the place was jumping! #motorcity for #trump üá∫üá∏ https://t.co/PtQzNick4H",1
RT @KristinnFR: @realDonaldTrump supporters demonstrate in front of media pen after Tampa FL rally @gatewaypundit https://t.co/N0hpI79dDy,1
"RT @LaraLeaTrump: Proud to cast my vote for a man who has changed the game &amp; stands for &amp; w the people of #America, @realDonaldTrump‚Ä¶ ",1
RT @LochTheScot: VOTE @realDonaldTrump https://t.co/SCCxKhtXy1,1
"RT @LouDobbs: He Has the Temperament of a Great Leader, a Great President: Vote for Trump! #MAGA #TrumpPence16 #TrumpTrain #Dobbs https://t‚Ä¶",1
RT @mdtnvolfan: @RSBNetwork @Adam_Taxin Nothing like watching a @realDonaldTrump rally in HD while eating supper. Thanks Right Side! https:‚Ä¶,1
RT @MichelleKOrts10: and we @DrDaveOrts shall continue to agree w you Peter In Jesus Holy Name Amen https://t.co/37NCZ9E9zO,1
"RT @Mike_Beacham: Never Say #NeverTrump: 
GOP Support For Donald Is Strong And Growing 
@realDonaldTrump 
@mike_pence 
#MAGA 
#tcot 
https:‚Ä¶",1
RT @mike_pence: Thank you Miami! A @realDonaldTrump administration will be on the side of freedom &amp; a better life in this hemispher‚Ä¶,1
"RT @netanyahu: President-elect Trump, my friend: Congratulations on being elected President of the United States of America.‚Ä¶ ",1
"RT @NewWorldNewAge: Working hard to get @realDonaldTrump elected, this is for America üá∫üá∏@DanScavino @RSBNetwork https://t.co/EazfqUySHo",1
"RT @pearlecent163: @realDonaldTrump will unite People as Americans, bring jobs, raise up our Poor, Pride &amp; opportunities go up, Americ‚Ä¶ ",1
"RT @RealDJTrumpTeam: THE SILENT MAJORITY! MOVEMENT!
@JTSantucci - @realDonaldTrump walking the line of people! #AmericaFirst @EricTrump htt‚Ä¶",1
RT @ReRe_76804: @realDonaldTrump ..We will never be stopped! #TrumpReno,1
RT @RockytopUSA16: @realDonaldTrump has worked his butt off for this poll. Just hope it holds. #MAGA  GO TRUMP!!!üá∫üá∏üá∫üá∏üá∫üá∏üá∫üá∏üá∫üá∏üá∫üá∏üá∫üá∏üá∫üá∏üá∫üá∏üá∫üá∏‚Ä¶,1
"RT @RSBNetwork: Watch #TrumpTowerLive now @GenFlynn is currently our guest. Watch on @realDonaldTrump Facebook or our YouTube ! 

https://t‚Ä¶",1
RT @Scimitar_98: God is giving us ONE MORE CHANCE! THE WORLD AND OUR FOUNDING FATHERS WATCHING WHAT WE DO HERE.... https://t.co/8O0FeUJ5Tb,1
"RT @ScottPresler: If you follow these rules on Election Day, @realDonaldTrump will win.

Share this thread. 

#SaturdayMorning‚Ä¶ ",1
RT @ShogunINTL: THAT'S  FOR SURE!!! HE'S  MY HERO!!!!!  https://t.co/QonAW4Rs3f,1
RT @SpartyGirl2005: Hey @realDonaldTrump this princess is picking you for President! #MAGA #TrumpPence16 #TrumpTrain @DonaldJTrumpJr‚Ä¶,1
"RT @spritewdimps: @realDonaldTrump @DonaldJTrumpJr . Thank you for coming to Farmington, NM. 100% behind you https://t.co/7Q4KQuwobS",1
"RT @StacyBrewer18: Wow, check this out! #SocialistDem4Trump ‚§µ. God, I love this election (except for the #SpiritCooking part). https://t.co‚Ä¶",1
"RT @TeamTrump: 160,000 people who want to #MAGA are streaming @realDonaldTrump in Michigan RIGHT NOW. It's a MOVEMENT! https://t.co/38XA0bR‚Ä¶",1
RT @TEJANOS4TRUMP: we need you Michigan...vote @realDonaldTrump https://t.co/Q0pvDKdkpp,1
RT @tfgnews: VOTE‚Äî NO MATTER WHAT! Cast your @realDonaldTrump vote 2 MAKE A STATEMENT‚Äîthat we're infuriated with political elite‚Ä¶,1
"RT @theglobaluniter: .@KellyannePolls 

#Fedupvoters all over this country feel .@realDonaldTrump is our only #hope to finally put‚Ä¶ ",1
RT @thinkdontfollow: @Trumptbird @gdg2024 @realDonaldTrump God bless you. Prayers headed your way.,1
RT @TilleyRicky: One of the coolest things I've ever saw #trump #donaldtrump2016 #donaldtrump #presidentelect @DonaldJTrumpJr‚Ä¶,1
RT @TimeforTruth16: Go Kim! https://t.co/dfA9miSHaN,1
"RT @TrumpD2016: ""@DanScavino: .@realDonaldTrump with supporter &amp; friend @ESPNDrLou in Tampa, Florida. #MakeAmericaGreatAgain https://t.co/5‚Ä¶",1
"RT @TrumpIsTheBoss3: Prayers for Trump, Pence, and their families. Trump is fearless. A natural born leader! https://t.co/aApLur1kaW",1
"RT @TrumpNation22: @CNN just announced after all votes counted, President @realDonaldTrump will win the popular vote üòÇüòÇüòÇ

VP-elect mike pen‚Ä¶",1
"RT @VickyBrush: Just think, if @realDonaldTrump wins tonite, children will have an EXTREMELY PROMISING FUTURE! If you haven't voted‚Ä¶ ",1
"RT @VickyBrush: Poll numbers are coming in and @realDonaldTrump is KILLING IT so far in New Hampshire, Kentucky, Indiana!!! OMG, SO WONDERF‚Ä¶",1
"RT @VoteTrumpPics: ""We‚Äôre going to rebuild our military and take care of our GREAT GREAT GREAT Veterans."" - @realDonaldTrump‚Ä¶ ",1
RT @W7VOA: #Florida where 95% of the vote is in @realDonaldTrump remains ahead with 29 electoral votes at stake. #ElectionNight https://t.c‚Ä¶,1
"RT @WayneDupreeShow: America needs @realDonaldTrump!! 

@DanScavino @KellyannePolls @TeamTrump @seanhannity @madisongesiotto‚Ä¶ ",1
THAT IS SOOO COOL THANKS FOR SHARING! https://t.co/hcLw0s1jvh,1
THE CLINTON FOUNDATION @realDonaldTrump https://t.co/40zYUzMNFu,1
Trumpergizer Bunny - NOW HE IS ON HIS WAY TO COLORADO!!! @realDonaldTrump @JudgeJeanine @rudygiulianiGOP https://t.co/8Bap30uFQe,1
VERY TRUE!!! https://t.co/TNBKEWID8Y,1
WHAT A BADA$$ THAT IS WHO I WANT TO HAVE RUNNING MY COUNTRY! @realDonaldTrump #VoteTrump https://t.co/qOmqGOLV59,1
Wonderful speech by Mike @mike_pence and @realDonaldTrump !!!  VOTE TRUMP Get out and VOTE https://t.co/uQyTTaaQh1,1
"YOU ALL HAVE MY SUPPORT, PRAYERS, AND YOUR DAD HAS MY VOTE!!  @realDonaldTrump @EricTrump #VoteTrump‚Ä¶ https://t.co/BqJIph7N5p",1
@Firemdc780 @FoxNews @HillaryClinton Embarrassed for the country and I hope the country is smart enough to vote TRUMP!!!,1
@realDonaldTrump They even lie about that.  I am from MICHIGAN and my Deductible went from $5K to $12K,1
DEAR AMERICA PEOPLE IF YOU CAN'T SEE THAT COMEY WAS BOUGHT BY THE SWAMP.. TRUST ME HE WAS.  #VoteTrump @realDonaldTrump,1
"I just cast my vote for Donald J. Trump @realDonaldTrump I want Religious Freedom, Save Life and Drain the Swam.  GOD BLESS YOU MR. TRUMP!",1
"RT @atlaswon: It's not a ROCK CONCERT!

It's a #Trump rally while .@HillaryClinton sleeps off another booze filled night.‚Ä¶ ",1
RT @BiteMeYes: @realDonaldTrump is The 45th President Of The United States!  Deal with it Obama &amp; Killary https://t.co/PTaiu4FBIF,1
"RT @Carolde: Dear @HillaryClinton 
It's all fun N games playing Musical Chairs till the music stops and Uhave no chair #Trump‚Ä¶ ",1
"RT @CCCINNC: @KGforTrump @realDonaldTrump 
This is the letter his mother wrote to Trump &amp; Trump Responded.
https://t.co/rmCt9rdgR4",1
"RT @DanScavino: Crooked needs Beyonc√© &amp; Jay Z to fill an arena. Like last night, @realDonaldTrump needs an arena, American flags an‚Ä¶ ",1
RT @Darren32895836: Donald Trump Statement on his allegedly attempted Assassination in #Reno #Nevada ........ #DrainTheSwamp #LockHerUp‚Ä¶,1
"RT @DiamondandSilk: The Liberals tried to bury @realDonaldTrump Supporters, they didn't realize his supporters were the seeds that kept‚Ä¶ ",1
"RT @DiamondandSilk: Words cannot Express our Gratitude. To all of our Adorable Fans...We love Y'all! #WeMadeHistory The 45th President,‚Ä¶ ",1
RT @Firemdc780: Damn! This is embarrassing for Comey.  #PodestaEmails32 #MAGA3X #DrainTheSwamp  https://t.co/IWsoMKKkL1,1
RT @FL4TRUMPDOTCOM: She's trying to act like she doesn't know HUMA... but we know better. #Draintheswamp #FL4üá∫üá∏ @realDonaldTrump https://t.‚Ä¶,1
"RT @GenFlynn: For the future of our children and grandchildren, join me in asking HRC to step down @realDonaldTrump  @EricTrump‚Ä¶ ",1
RT @IngrahamAngle: Don't Count #Connecticut out. Signs all over the state for @realDonaldTrump! Very little for Hillary. https://t.co/rAFw2‚Ä¶,1
RT @KevlarDj: @ImWithYou010 @iAmFreedomMan @HumaAbedin #TRUMPTOON @realDonaldTrump @seanhannity @DonaldJTrumpJr https://t.co/gpeCW31AGA,1
RT @LollieCouture: #GodBless #America #MAGA REAL CHANGE #TrumpPence16 #Trump2016 #VOTE #TRUMP TERMINATE OBUMMER CARE #STOP GLOBALIST‚Ä¶,1
"RT @myGianLuca: RT
@HillaryClinton &amp; #MSM Want
  AMERICA on Her KNEES!!

We're Standing UP with TRUMP!!
            -&gt; Nov 8th
  We‚Ä¶ ",1
RT @RockingTrump: #RememberWhenTrump said he was sorry for words spoken 11 years ago and @HillaryClinton couldn't apologize to the rape vic‚Ä¶,1
RT @sales_um: Paul Ryan says he's voted for Trump https://t.co/tcFijuoJFo 1 of @HillaryClinton harden supporters jumps the sinking ship. @r‚Ä¶,1
RT @TeamTrumpAZ: #HillaryIndicment #GOP #PresidentTrump #safevote #FridayFeeling #ImpeachmentRunsInTheFamily #womenhatehillary https://t.co‚Ä¶,1
RT @TinaCatalone: üòÇLMFAO @HillaryClinton couldn't even fill a free #JayZ concert They walked out by dozüòÇ #VoteTrump @JtMobleyFla‚Ä¶,1
THIS IS WHAT I AM PRAYING FOR ON NOVEMBER 8TH - HER CRYING OVER A LOSS AND AN INDITEMENT .  @realDonaldTrump‚Ä¶ https://t.co/xXwoWBFAoO,1
YAY!!!  LETS MAKE IT A LANDSLIDE!!! VOTE TRUMP https://t.co/JUDjSlD2FX,1
"Report: Malaysia, Asian currencies at risk if @realDonaldTrump wins US presidency https://t.co/FLLQX2vjZ0 https://t.co/O1b7XKdBku",-1
Shock and angst in Asia as @realDonaldTrump rises https://t.co/sQaNCtiJlV #ElectionNight https://t.co/IKKAcyXdJT,-1
If @realDonaldTrump is elected https://t.co/udnDMFERFZ,-1
"RT @JackieFromSpace: Dear @realDonaldTrump, please give a statement regarding all the violence your presidency has sparked across nation ov‚Ä¶",-1
.@aasif @HillaryClinton just dropped.my ballot at West Palm SOE office; Trump goons taking up all the parking,-1
.@HillaryClinton What is up with @realDonaldTrump 's hat being pulled down over his eyes? What a douche canoe #imwithher #makingherstory,-1
"Band is finally endorsing @realDonaldTrump to play their song. Green Day dedicating ""American Idiot"" to Trump. #2016election #ImWitHer",-1
.@Alyssa_Milano @realDonaldTrump @CNNPolitics he won't; like a deer in headlights; prolly had his Twitter taken away again. He is a #loser,-1
@realDonaldTrump then fix it and make it stop you coward,-1
#TrumpCantRead  @realDonaldTrump LOL!! So much evidence @iamsambee https://t.co/SloHV9Vm96,-1
"After antics by Giuliani/FBI, I call staged...trying to get a sympathy vote &amp; a chance to wrongly attack again! Shameful  @realDonaldTrump",-1
Do not let anyone impede on your right to vote #pollwatcher #2016election @realDonaldTrump has misdirected his supp‚Ä¶ https://t.co/1M5VHuBA4p,-1
It's becoming apparent that @realDonaldTrump has no one outside his small circle of trust; this is an implosion. @ananavarro @jaketapper,-1
@pastormarkburns @realDonaldTrump @HilIaryClimton false!!!!! Who the hell do you think you are? That's not how it works twat!!,1
RT @JuddLegum: 1. Important: Trump said he would avoid conflict between his business and gov't by turning his businesses over to h‚Ä¶,1
guys this is real life. they relying on fortune cookies rn. https://t.co/D4hAezMgXv,-1
@PaulineHansonOz @realDonaldTrump He doesn't even know who the fuck you are Pauline. He also doesn't control his own twitter....,-1
RT @alaskantexanQCT: I need more vans! People in Philly are too #WOKE! Yo @realDonaldTrump we are getting it done fam! #ElectionDay #BLACKS‚Ä¶,1
RT @GenFlynn: I too believe we need big change! @realDonaldTrump @mike_pence @FieldofFight @DanScavino @JaredWyand @Cernovich‚Ä¶,1
RT @GopAaron: New Hampshire could be the state that puts @realDonaldTrump over 270! We're in the Big League now! #BigLeague‚Ä¶,1
RT @GopAaron: Under a @realDonaldTrump administration our veterans will come first! #VetsBeforeIllegals #VetsBeforeRefugees‚Ä¶,1
RT @hrtablaze: Momentum is fleeting ! Stay focused Trump Nation ! Tweet like crazy and keep pushing forward till we MAGA ! https://t.co/WGX‚Ä¶,1
RT @trumpemall: @alaskantexanQCT @Darren32895836 @realDonaldTrump God bless you!,1
RT @Darren32895836: DJT UP BY 2.5% IN FLORIDA WITH 55% IN!!  #DrainTheSwamp #ElectionNight¬† #MyVote2016¬†¬†¬†¬†  #ElectionDay¬†¬†#Voted2016 @Hill‚Ä¶,1
RT @FoxNews: Fox News projects @realDonaldTrump wins Arkansas. #ElectionNight #FoxNews2016 https://t.co/sOnBWKTpnJ,1
@FrankLuntz @peterjukes lying to the (hopefully bitter) end @realDonaldTrump #liar #scum,-1
RT @SophiaHelwani: @realDonaldTrump Ted Nugent rocks the house in Michigan https://t.co/XqE62dzXYw,1
"Ladies &amp; Grntd meet ""Okie"" &amp; ""Doke"" üê≠ https://t.co/LTvV7wh2sX",1
"RT @AgnesClaire: I'll be pulling the lever for @realDonaldTrump, thinking about you and #CrookedHillary going to jail. It ain't over‚Ä¶ ",1
"RT @robtned: One of @realDonaldTrump 's volunteer ""observers"" outside a Columbus polling place this morning https://t.co/kqL9m0nNsJ",-1
"You're disgusting, a deliberate liar and soon will be irrelevant. @elizabethforma @realDonaldTrump",-1
"RT @Jalepeno84: Yes, this is how I want @realDonaldTrump to run the countryüëáüèª #MAGA #PresidentTrump https://t.co/2ANtf4lMb7",1
RT @sme4201968: üòÇüòÇüòÇ https://t.co/1bqJaHpHTn,1
Humanity strikes back at @realDonaldTrump. Join the #WorldToTrump open letter that‚Äôs sweeping the planet! #Trump https://t.co/4OLJOac0Gt,-1
RT @SteveDeaceShow: The full clip of my appearance on PBS tonight discussing media bias and @realDonaldTrump https://t.co/QsaOCx93mS,1
"RT @JesseFFerguson: Sunday Preview

@HillaryClinton is with Khizr Khan

@realDonaldTrump is with Ted Nugent

Kinda summarizes the whole cam‚Ä¶",-1
"RT @NCBlake: REMINDER: @realDonaldTrump publicly shamed a teenage pageant winner, whom he called ""Ms Piggy,"" for gaining a small‚Ä¶ ",-1
"RT @pattonoswalt: No way does she grow up in your slo-mo temper tantrum version of America, @realDonaldTrump. #electionday https://t.co/oPZ‚Ä¶",-1
RT @DanielleRose84: Ya know what I really wanna see right now? @realDonaldTrump's TAX RETURNS,-1
"@katzish @katekilla @realDonaldTrump If you are gonna be prez, might want to read that thing called a constitution and bill of rights.",-1
"RT @Fahrenthold: FINAL UPDATE: I spent 6 months looking for proof that @realDonaldTrump gives ""tens of millions"" to charity, as he c‚Ä¶ ",-1
"@DavidCornDC @GammaRae206 @realDonaldTrump a badge of honor, David. Also. Count yourself lucky.",1
Not the brightest clan https://t.co/Dr8uR7Erdi,-1
"@realDonaldTrump get used to it KKK-backed President. Look over your shoulder, that's the Constitution. It is a tyrant preventer.",-1
"RT @Randazzoj: ""A sexual predator who lost the popular vote."" Harry Reid's statement is how we should always refer to @realDonaldTrump",-1
RT @FoxNews: Fox News projects @realDonaldTrump wins Arkansas. #ElectionNight #FoxNews2016 https://t.co/sOnBWKTpnJ,1
"@realDonaldTrump Yes, we make America great again BY @HillaryClinton WINNING THIS ELECTION AND BECOMING OUR PRESIDENT! üëçüèª #ImWithHer",-1
@realDonaldTrump @mike_pence Your entire crowd watching the election is literally 50 Shades Of White. Can't wait for your impeachment!üëçüèªüñïüèª,-1
"@realDonaldTrump funny, last time you talked to a Veteran you told him he was weak &amp; poor because he had a mental break down. #NeverTrump",-1
@TeamTrump @mike_pence @realDonaldTrump Electing Donald Trump means going back to abusive laws written by irrelevant white men,-1
"When Spongebob predicts the future of @realDonaldTrump's ""presidency"" #HesNotMyPresident https://t.co/qkJKdkSoWQ",-1
@AlGiordano 17 for @HillaryClinton 14 for @realDonaldTrump,-1
"@AlGiordano Kid did a survey in her school in that heavy-repub town. Of 100 students, 60 would vote @HillaryClinton; of 20 teachers, 12 Dems",-1
"@MotherJones Not me. If it goes as expected + @HillaryClinton wins, I'll be alert enough to enjoy it. If it goes badly, I'm up for a fight.",-1
@realDonaldTrump+ @HillaryClinton have spent their lives with the poor. He did it on their backs; she by their sides https://t.co/teVKWE7MOz,-1
99 yr old Indian m-in-law on US election: @HillaryClinton should win. @realDonaldTrump is an empty-headed fool.,-1
"Press censorship of #India's #NDTV, arrest of Turkish opposition members: #DonaldTrump must approve! #GOTVforHRC #NeverTrump @HillaryClinton",-1
Superb plug for @HillaryClinton by former NATO ambassador @RNicholasBurns on @BBCWorld. #Trump wouldn't even understand half of what he said,-1
@DonaldJTrumpJr @realDonaldTrump Living in la-la land.,-1
@realDonaldTrump And still have time to grab some p...y,-1
@realDonaldTrump I can't believe how much Fred is rolling over in his grave. You truly have embarrassed him. You failed him big time.,-1
@realDonaldTrump This is the way it's going to be for the next 4 years.,-1
Hey! https://t.co/GEA7H8zQWA,1
RT @CookPassTim: @realDonaldTrump https://t.co/Qr2kpFRZDn,-1
RT @joea_va: You did this @realDonaldTrump. https://t.co/8qd3cYtAmS,-1
"@ChelsIsRight @jonkarl @realDonaldTrump wonder if he's gonna grab himself, cuz he looks like a giant pussy (pardon my French)",-1
DON'T FORGET TO GRAB 'EM BY THE PUSSY FIRST. @realDonaldTrump,-1
WHEN ARE YOU GOING TO START FUCKING 'EM ALL TO DEATH? @realDonaldTrump #TrumpForPresident https://t.co/3xpbTFTeVH,1
RT @Braveheart_USA: Not even in office yet and look how fast @realDonaldTrump works! https://t.co/sqgaueQCKS,-1
RT @Angel4Trump: @Prayers4TrumpCT @prayers_4_trump @TeamTrumpID @TeamTrumpCO @TeamTrumpGA @Angel4Trump @realDonaldTrump @DanScavino‚Ä¶,1
"RT @Adjustedwell: Veterans support Trump over Hillary 76% to 24% .... 
True Patriots support Trump.
Largest Support since Reagan over‚Ä¶ ",1
RT @LouDobbs: Tightening polls leave Dems anxious ‚Äì Voter enthusiasm for @realDonaldTrump remains high. @arnonmishkin joins #FoxLDT 7p #MAG‚Ä¶,1
RT @rationalsquad: As a white man I'm disgusted that @realDonaldTrump is leading strongly with white men. I'm sorry. :-( #blacklivesmatter‚Ä¶,-1
RT @ladygaga: . @realDonaldTrump you divided us with hateful language &amp; fear . I love everyone in this country and I vote for‚Ä¶,-1
@realDonaldTrump Are you fat? Is your face pretty?,-1
@realDonaldTrump I have preexisting condition. What will your health plan do for me?,-1
@realDonaldTrump want to vote. What's with pending rape trial? 13 yrs. old? Can't vote 4 that.,-1
@realDonaldTrump What do you really think about Melania's speech today? She talked about cyber-bullying. Sound familiar? Did you listen?,-1
@realDonaldTrump What would you do with nuclear codes. We can't trust your very thin skin. The world can't afford that.,-1
RT @FoxNews: Fox News projects @HillaryClinton wins Illinois. #ElectionNight #FoxNews2016 https://t.co/KW9OrfEzdl,-1
"Holy Shit.
With latest projections from CNN, looks like we may just see loose cannon, maverick @realDonaldTrump a shoe in as next @POTUS",-1
"Indian stock market crashes on news @realDonaldTrump is leading polls over Hilary in race for @POTUS 
Seriously WTF https://t.co/ewqyBcAX8m",-1
Malaysian skies crying with the inevitable win of @realDonaldTrump in #USElection2016,-1
"RT @AC360: ""I think somebody needs to take away his Twitter account again"" Panelist reacts to @RealDonaldTrump's latest tweet https://t.co/‚Ä¶",-1
RT @PrivateIdahoan: @DailyMail Unreal. @realDonaldTrump is a despicable piece of garbage. The vermin who support him are even worse. #vote2‚Ä¶,-1
"RT @shaokamsan: @richardrichli @2sayornot2say 
@realDonaldTrump 
Hey, Trump! In your face!",-1
RT @piersmorgan: Trump's shown in last 10 days that he can be perfectly calm &amp; reasonable when he wants to be. https://t.co/YIV3rEbfEf,1
"RT @Zahid_Hamidi: Congratulations Mr. Donald J Trump @realDonaldTrump. May your victory mark a new beginning, further strenghtening Malaysi‚Ä¶",1
"@ChongBeng 
@realDonaldTrump 167
@HillaryClinton 122.

Fight still on but chances look slim",1
"@realDonaldTrump 139
@HillaryClinton 104

Not looking good for HRC imho",1
RT @FoxNews: Fox News projects @realDonaldTrump wins South Carolina. #ElectionNight #FoxNews2016 https://t.co/NxB3M93in9,1
RT @Janesmith0102: Are you going to vote for @HillaryClinton? Like and RT if you are ready to see Hillary win and watch tRump go home. http‚Ä¶,-1
"RT @dansden: Dec 16th is her court hearing on the @realDonaldTrump #TrumpSexualPREDATOR  hearing:
READ &amp; RT please :) https://t.co/I7NWWdsL‚Ä¶",-1
"RT @ferfuxsakes: For the love of all things mortal, could you PLEASE ask her about the child rape case in December? .@WhoopiGoldberg‚Ä¶ ",-1
RT @gbismarc: Good question...? Double standard! Where's the outrage regrading this rape case? @MSNBC @CNN #LockHimUp! Put him be‚Ä¶,-1
"RT @katriord: And even if you don't, because Trump is too dangerous and our democracy is too important. https://t.co/99ujuqYrG7",-1
"RT @theGrio: The media's paid close attention to the #HillaryEmails probe, but what about @realDonaldTrump's pending rape trial?‚Ä¶ ",-1
"RT @WayneASchneider: Dear @realDonaldTrump,
Promise to prosecute white supremacists who act on their hate and I'll have an iota of respect‚Ä¶",-1
@FukuyamaFrancis @realDonaldTrump you are confusing effect for the cause,-1
@realDonaldTrump You shouldnt of won your an arrogant Bafoon,-1
@realDonaldTrump I'm not voting for a democrat or Republican I'm voting for American and I just voted for Donald J Trump!!!!!,1
"meanwhile @realDonaldTrump is busy kicking dissenters out of rallies, blackballing media that doesn't push HIS narr‚Ä¶ https://t.co/4OQEorYEIW",-1
@cabbobby @YourAnonNews @realDonaldTrump must have not been paying attention to what was going on in congress,-1
@natemcdermott #SomePeopleAreSaying maybe @realDonaldTrump really is illiterate,-1
"@NickBolton13  just looking at some of the replies you've gotten 
I think it's fair to say @realDonaldTrump isn't the ""Unifier"" he calimed",-1
"@RawStory meanwhile @realDonaldTrump is busy kicking dissenters out of rallies, blackballing media that doesn't push HIS narrative.",-1
@RawStory They're actually looking forward to @realDonaldTrump reinstating #PrimaNocta,-1
@RT_America nice spin meanwhile @realDonaldTrump would kick a dissenter out of his rally rather than defend their 1st amendment rights,-1
@SethMacFarlane #Trumpkins got ya down? So much for @realDonaldTrump being a great unifier,-1
"@Stevenwhirsch99 @Azuri21 Well you want them 2 listen to @realDonaldTrump and they are just the 2012 version sry :/
https://t.co/L5rhVvi1cY",-1
"@Thomas1774Paine @realDonaldTrump too bad he forgot what he said a few short years later.
Who will trump arm will it b contras or mujahideen",-1
Apparently America is a waste of @realDonaldTrump's time should he lose the election... let that sink in ..‚Ä¶ https://t.co/IF2ZR5Nn0e,-1
If @realDonaldTrump is such a great speaker why hasn't he been able to con-vince  me into voting for him?,-1
"Wonder who Trump's contras/mujahideens would be? 
Wonder how long Trumps recession will last compared to Reagan's r‚Ä¶ https://t.co/m6Iw289fq6",-1
@billburr https://t.co/9dPusG0i0g,-1
goodness gracious https://t.co/9dPusG0i0g,-1
"@realDonaldTrump You're POTUS-elect, not whiner in chief. Please stop with the numbskull tweets. Try gravitas, please.",-1
RT @RTaylor_LibDem: Republican holding sign has to be protected from violent @realDonaldTrump supporters by police. A taste of what's t‚Ä¶,-1
RT @stuboy1905: In Laymans Terms @WhiteHouse @realDonaldTrump https://t.co/XPOcMDup4i,1
And donald is back in the limelight... https://t.co/hTG1iwUDqX,-1
"RT @FoxNews: .@GovMikeHuckabee Predicts @realDonaldTrump Will Win &amp; It Won't Be as Close as People Think
https://t.co/5Ox6eqYLPB",1
@Psg_fan_here_ @TheConfurvative @maroon5damn @realDonaldTrump wankah!  Haha,-1
"RT @danWorthington: Dear Mr. President Elect @realDonaldTrump.
I respectfully ask why it is OK to protest Obama, but unfair to protest‚Ä¶ ",-1
Digging @realDonaldTrump new whip https://t.co/Dkxt0pjiFX,-1
"RT @s8n: Please stop running for president, I need you back in hell where you belong @realDonaldTrump",-1
@JohnKStahlUSA Can't believe the polls when you see the attendance at @realDonaldTrump rallies.,1
"@Varneyco @Nigel_Farage @realDonaldTrump Nice going Nigel, like GB we want our freedom. Time 4 the #US, #GB, #Israel our allies &amp; friends &lt;1",1
RT @FoxNews: .@netanyahu says he is confident that he &amp; @realDonaldTrump will continue to strengthen the alliance between the‚Ä¶,1
RT @FoxNews: Fox News projects @realDonaldTrump wins the presidency. #ElectionNight #FoxNews2016 https://t.co/1mOTU5I6st,1
"RT @Fahrenthold: The $1M gift that @realDonaldTrump gave to veterans in May, under media pressure, went to USMC charity run by Kalls‚Ä¶ ",-1
RT @thecherness: .... https://t.co/kIEt6lRALc,-1
"RT @Bikers4Trump: If you are an @Uber Driver &amp; support @realDonaldTrump please email Drivers@BorderWallBricks.com we need you
Donate‚Ä¶ ",1
RT @DonaldJTrumpJr: Absolutely incredible! This is the @realDonaldTrump I know and love. This is the Donald Trump America needs! #maga http‚Ä¶,1
"RT @VoteTrumpPics: ""A nation without borders is not a nation at all.""- @realDonaldTrump

 #ElectionFinalThoughts üá∫üá∏ https://t.co/gwMc2bmWK3",1
"RT @VoteTrumpPics: ""This isn‚Äôt just the fight of my life, it‚Äôs the fight of our lives ‚Äì together ‚Äì to save our country."" -‚Ä¶ ",1
"RT @VoteTrumpPics: Forget FBI Director Comey!

""It‚Äôs up to the American people to deliver justice at the ballot box on November 8th.""‚Ä¶ ",1
RT @WikiFleekMemes: I have never seen a presidential candidate work as hard as @realDonaldTrump worked for this election. And he did it for‚Ä¶,1
@DonaldJTrumpJr @realDonaldTrump Nice. Now we have a #CrookedHillary mole investigating the latest  #CrookedHillary‚Ä¶ https://t.co/ygQJePoz8P,1
"@jaketapper I checked the @realDonaldTrump button in your poll, but you tweet flipped my selection to #CrookedHillary Surprise! #RiggedPoll",1
Oh she's awake now.  @realDonaldTrump there's more incentive to push hard to the finish. #DrainTheSwamp#NeverHillar‚Ä¶ https://t.co/DUF2VT5cNC,1
"RT @cnmmichael: .@HillaryClinton KNOWS THE #TRUTH ABT 4 #AMERICANS
#BENGHAZI HAUNTSHER!
#StopHillary
#Elections2016
#RedNationRising https:‚Ä¶",1
"RT @IngrahamAngle: Yes--thank you, Hillary, more arguments for voting @realDonaldTrump! https://t.co/h7oqsAQyon",1
"RT @Lrihendry: The #BiasedMedia IS the Democrat Party! 

#VoteTrumpPence16 #AmericaFirst #MAGA @realDonaldTrump https://t.co/Ptou2Nj7Fw",1
RT @ladygaga: . @realDonaldTrump you divided us with hateful language &amp; fear . I love everyone in this country and I vote for‚Ä¶,-1
"RT @johnmappin: BRITISH MEDIA MOGUL - CLEARY STATES THE VERY REAL DANGERS OF A CLINTON PRESIDENCY - #MAGA @realDonaldTrump #Trump

 https:/‚Ä¶",1
RT @KyIoR3n: @realDonaldTrump I will finish what you started https://t.co/xsEE7mwEat,-1
RT @FoxNews: Fox News projects @realDonaldTrump wins South Carolina. #ElectionNight #FoxNews2016 https://t.co/NxB3M93in9,1
RT @benshapiro: If only this were true https://t.co/46lwgP9WCn,1
"RT @RealJamesWoods: .@realDonaldTrump won the Presidency, House, Senate, and Supreme Court, all while ending two tired political dynast‚Ä¶ ",1
"RT @NRA: ""The Supreme Court is what it's all about"" - @realDonaldTrump¬†
https://t.co/cwJRrGfPCD #2A #SCOTUS",1
@realDonaldTrump üñïüèΩüñïüèΩüñïüèΩ,-1
@cnnbrk @billmaher @CNNPolitics @andersoncooper @donlemon @Bakari_Sellers @HillaryClinton Learn from history!‚Ä¶ https://t.co/fFE3WHgvg9,-1
@realDonaldTrump https://t.co/UaWxx20y25,-1
RT @Phillipasoo: @realDonaldTrump @MELANIATRUMP What R you going to say to all of your supporters that are physically assaulting people in‚Ä¶,-1
RT @johnpavlovitz: Why hasn't @realDonaldTrump condemned the violence happening this week against minorities and marginalized communities?,-1
RT @docmurdock: @KellyannePolls is a gift to America!! She took on a monumental battle &amp; she delivered The White House to‚Ä¶,1
Not even 24 hours in and this shit happens @realDonaldTrump  #SDSU https://t.co/LFBVooYydg,-1
"""no one has more respect for women than I do"" 
ü§î explain these misogynist buttons then @realDonaldTrump https://t.co/bZkxrXoAay",-1
"@realDonaldTrump now is the time mr president, push term limits and unburden the american people of this ruling class. NOW IS THE TIME",1
"RT @mishacollins: While Hillary Clinton's improper server is probed, @realDonaldTrump has 75 pending cases including a trial date for‚Ä¶ ",-1
"RT @danWorthington: Dear Mr. President Elect @realDonaldTrump.
I respectfully ask why it is OK to protest Obama, but unfair to protest‚Ä¶ ",-1
RT @mishacollins: Good point! @realdonaldtrump IS the candidate who might end global warming by bringing us nuclear winter. DON'T BE‚Ä¶,-1
"RT @billyeichner: .@realDonaldTrump We are Americans. We are allowed to protest. It's not ""unfair"", it's in the Constitution.",-1
"RT @ColMorrisDavis: U.S. Secret Service does a pu**y grab in Reno.

The 70 year old @realDonaldTrump flees danger with the speed of a 1‚Ä¶ ",-1
"RT @DavidCornDC: So it seems that rogue FBI agents, Vladimir Putin, the National Enquirer, and the KKK are allied in efforts to elect  @rea‚Ä¶",-1
"RT @JohnFugelsang: This Tuesday ask yourself how happy you want to make David Duke, ISIS, Putin, the KKK, Kim Jong-un, the American Na‚Ä¶ ",-1
"RT @jsavite: Idiots busted on Twitter posting footage of Russian election and claiming its 'Democrats'. 
#CNNSOTU 
#LyinForTrump https://t.‚Ä¶",-1
"RT @MariaTCardona: Hey @realDonaldTrump, Hillary is NOT under inv. The only candidate facing legal trouble is YOU! But aft Tues, u will hav‚Ä¶",-1
"RT @TheDailyEdge: ""It's important to stand up to bullies wherever they are"" -- @HillaryClinton #ImWithHer #GOTVforHRC https://t.co/R0Gtu1hC‚Ä¶",-1
Today is the day! Go stomp a hole in @realDonaldTrump ass!,-1
"- 268 to 206 go @HillaryClinton  üëçüèΩüëèüèΩüá∫üá∏

#USA #HillaryClinton #ElectionDay #Elections2016",-1
@KEEMSTAR pushing for that 4th retweet by @realDonaldTrump,1
GO TRUMP GO!!!!! @realDonaldTrump https://t.co/exFaXxgv3T,1
@KEEMSTAR have you read the article about @HillaryClinton OWN NIECE is voting for @realDonaldTrump haha. Her own fucking blood hates her!!,1
#HillaryClinton voters been sayin TRUST THE SYSTEM ITS NOT RIGGED now that @realDonaldTrump has won they're being salty. #liars like Hillary,1
"What is more scary to experience?

@realDonaldTrump @HillaryClinton #DonaldTrump #HillaryClinton #DonaldTrumpforPresident #HillaryIndictment",1
Humanity strikes back at @realDonaldTrump. Join the #WorldToTrump open letter that‚Äôs sweeping the planet! #Trump https://t.co/ne4ECH8YDW,-1
"Believe it or not @realDonaldTrump , people don't need the media to tell them to hate you. We see through your faca‚Ä¶ https://t.co/AUZ4bQqGy5",-1
"@realDonaldTrump Anxious to see who you really are, really... I hope I am wrong.  Show me I am wrong. #PreExistingConditions #climatechange",-1
@realDonaldTrump Unfair is promoting division &amp; making excuses for hate. I don't believe you wanted this for us! #lowroad #helpus #lovewins,-1
Yea Obamacare. Now he just needs to call the wall a metaphor and hop on the climate change train - hoot! @trumpers‚Ä¶ https://t.co/UHSPPPigNl,-1
"@realDonaldTrump Your best tweet to date. Lead! One tiny step for man, one giant leap for mankind. Love will win! #hope #timetounite",1
"RT @DanScavino: LIVE on #Periscope: 15,000+ for @realDonaldTrump in Selma, North Carolina. #5DAYS #MAGA #TrumpTrain https://t.co/kgG2vlDQIB",1
@foxandfriends The gentleman getting beating for voting for Mr. @realDonaldTrump  would not happen where I live! I got the right to carry!!,1
@realDonaldTrump can i dick your daughter?,-1
@madisen_marie99 @realDonaldTrump he literally doesn't even know what being an American means smhüòÇüòÇ,-1
RT @ronniefloyd: Hoping thousands of churches on Sunday will pray for our new President-elect @realDonaldTrump &amp; Vice-President elect @GovP‚Ä¶,1
RT @ChattanGypsy: Humanity strikes back at @realDonaldTrump. Join the #WorldToTrump open letter that‚Äôs sweeping the planet! #Trump https://‚Ä¶,-1
@realDonaldTrump now act like a president. do you really have time for this petty stuff? pathetic,-1
hahaha... well expressed. https://t.co/pzyNnCohkM,-1
"RT @kusshssinha: Mr @realDonaldTrump won the #USElection2016 fair+square.That's how democracy works.Whether you like/dislike him,he won.Acc‚Ä¶",1
"RT @danWorthington: Dear Mr. President Elect @realDonaldTrump.
I respectfully ask why it is OK to protest Obama, but unfair to protest‚Ä¶ ",-1
@OldRowOfficial @realDonaldTrump #MAGA https://t.co/xmVPr1u5Kn,1
@realDonaldTrump fuck you man,-1
"RT @syeddoha: #2016election thats MY nightcap a simple assurance an #AmericanSure WE WILL WIN, let trump be trump in his TT - Tru‚Ä¶ ",-1
RT @TheresaMechele: @realDonaldTrump @EricTrump @DonaldJTrumpJr @IvankaTrump @mike_pence Donald J. Trump will be our next President.‚Ä¶,1
‚ÄºÔ∏è‚ÄºÔ∏èVOTE FOR @realDonaldTrump ‚ÄºÔ∏è‚ÄºÔ∏èLive online- NOT OFFICIAL üá∫üá∏PULSE OF AMERICA üá∫üá∏üá∫üá∏https://t.co/M3hMfkdi4r,1
"@DanScavino @TeamTrump @realDonaldTrump sleep, rest- you all are AWESOME- THANK YOU FOR FIGHTING FOR US! God Bless you and AMERICAüá∫üá∏üá∫üá∏üá∫üá∏‚ÄºÔ∏è",1
@IngrahamAngle @realDonaldTrump thank you for waiting- lay hands on him and pray-,1
@meathead_123 @IngrahamAngle @realDonaldTrump Pittsburgh ‚ÄºÔ∏è‚ÄºÔ∏è‚ÄºÔ∏è https://t.co/LU66rCPNLz,1
"@realDonaldTrump ... @MELANIATRUMP WILL be a most gracious ambassador to the world, as our First Lady. Thank you, Melania‚ÄºÔ∏è Well done‚ÄºÔ∏è",1
@realDonaldTrump @DanScavino #WearTheRed #ShowYourColors #MAGA #TrumpPence16 üá∫üá∏üá∫üá∏üá∫üá∏üöÇ‚ÄºÔ∏èüöÇ‚ÄºÔ∏è https://t.co/ehHVM84V0b,1
@realDonaldTrump @DanScavino #WearTheRed #ShowYourColors #MAGA #TrumpPence16 üá∫üá∏üá∫üá∏üá∫üá∏üöÇ‚ÄºÔ∏èüöÇ‚ÄºÔ∏è#PAforTRUMP https://t.co/JhVCbz8d6A,1
@realDonaldTrump thanks for all your hard work‚ÄºÔ∏èSee you in #PITTSBURGH tomorrow #MAGA #TRUMPWINS #AintNoStoppinUsNow üá∫üá∏‚ÄºÔ∏èüá∫üá∏‚ÄºÔ∏èüöÇüöÇüöÇ #TrumpTrain,1
#GodBlessUSA @realDonaldTrump #SmallTownAmerica Just what the Dr ordered- #PennTraffordHighSchool  thank you ‚ÄºÔ∏èüá∫üá∏‚ÄºÔ∏è https://t.co/iYTQbSFoaL,1
https://t.co/tPbdnuEQrN @mike_pence @realDonaldTrump @DanScavino @KellyannePolls Pittsburgh PA #PenceRally #MAGA‚ÄºÔ∏èüá∫üá∏üöÇ‚ÄºÔ∏èüá∫üá∏üöÇ,1
"RT @IngrahamAngle: Minnesota, MIchigan, Colorado, you can vote to save America today--&gt; Vote @realDonaldTrump https://t.co/JeRKXmzEcW",1
So now the MEDIA gets to call the USA #ElectionNight  What a crock! @realDonaldTrump YOU WON‚ÄºÔ∏è‚ÄºÔ∏èüöÇüöÇGet sleep and look fresh #MAGA,1
‚ÄºÔ∏è‚ÄºÔ∏èGreat New Ad‚ÄºÔ∏è‚ÄºÔ∏è @realDonaldTrump #MAGA https://t.co/OQcWkTIkWc,1
‚ÄºÔ∏è‚ÄºÔ∏èis this REAL?? Somebody‚ÄºÔ∏ètell me this is real. @DanScavino @DonaldJTrumpJr @realDonaldTrump @KellyannePolls https://t.co/X8bgvc6viO,1
@CNNPolitics When I was growing up we called that LYING @HillaryClinton #ClintonCorruption #MAGA #TrumpTrain #TrumpPence16,1
#FoxNews2016 #PAforTrump @realDonaldTrump @mike_pence #MAGA #DraintheSWAMP https://t.co/pftmOgNMUj,1
RT @GovMikeHuckabee: Cubs can't win but did. @realDonaldTrump can't win but he will! Congrats to Cubs and now #NeverHillary,1
@realDonaldTrump Congratulations Mr. Trump on winning this election.  My company and I are 1000% ready to help you make America Great again!,1
Yes he did. But he certainly can't rule ignoring them! https://t.co/ACHiXmBnEt,1
RT @FoxNews: Fox News projects @realDonaldTrump wins Wisconsin. #ElectionNight #FoxNews2016 https://t.co/aRTeMIk63G,1
@realDonaldTrump Don't let the media tell you who to pick Trey Goudy for Attorney General would be awesome.,1
RT @BenSRachinger: @realDonaldTrump https://t.co/Zn8CF6yrYT,-1
RT @NickelodeonTV: The results are in! The winner of #KidsPickThePresident is @HillaryClinton! üá∫üá∏ üéäüéâ https://t.co/0F2t5fVIxt,-1
RT @DavidKWilliams: Dow Surges to Fresh All-Time High The @realDonaldTrump affect already economically positive @DamiraMaricic  https://t.c‚Ä¶,1
Bye Felicia! #Election2016 #ElectionNight #ElectionDay #ElectionFinalThoughts #DonaldTrump #dumpTrump‚Ä¶ https://t.co/5m4y1AYTxT,-1
@realDonaldTrump You mite want to look at Soros for funding them.,-1
"RT @Muslimomma1: ‚ù§Ô∏è@BryanCranston and yes #TerribleTrump, when you lose, will you please just go away? https://t.co/L19rc6a772",-1
@realdonaldtrump congratulations it was a long https://t.co/oZqoUtFhoM the real work begins,1
RT @KellyannePolls: @realDonaldTrump and I Ready to win! https://t.co/OhsdAtNdb8,1
@realDonaldTrump congratulations on your victory. We are looking forward to many good things. Remember to seek the Lord with all your heart.,1
"RT @KellyannePolls: In #NH, @realdonaldtrump says we will take care of our veterans. A vet in audience waves his prosthetic leg in the air‚Ä¶",1
"RT @TeamTrump: ""America needs a turnaround, America needs a comeback, America needs a change."" - @realDonaldTrump #MAGA‚Ä¶ ",1
@BBCBreaking @BBCWorld @realDonaldTrump welldone Mr.trump...may the relations between India nd America are preserved cordially,1
"RT @SamerAzizi: @realDonaldTrump They should all be deported to the garbage containers that they came from.
#Deport_the_scum #BuildThatWall‚Ä¶",1
RT @EricTrump: Fun being at a rally with @realDonaldTrump in @LaraLeaTrump's home town of #Wilmington #NC! #MakeAmericaGreatAgain‚Ä¶,1
"RT @FoxNews: .@newtgingrich: ""[The elite media] hate the idea of @realDonaldTrump winning. He's an assault on the entire establi‚Ä¶ ",1
"RT @JustinCap_: CHILLS!! 

Stop what you're doing and watch @realDonaldTrump's new ad - Argument for America. 

WATCH, SHARE, VOTE!‚Ä¶ ",1
"RT @KellyannePolls: @realDonaldTrump THANK YOU for allowing me to be part of history. Congratulations, President-elect. God bless you.",1
"@KellyannePolls @realDonaldTrump  
I'm so happy to see this woman celebrating victory today!",-1
RT @mike_pence: Thank you Indiana for making our state first on the board to vote to Make America Great Again! @realDonaldTrump,1
@realDonaldTrump Latinos Americanos with you!,1
@realDonaldTrump Latinos Americanos with you! love is in the air,1
